bn,name,ts,date
0,first,1438269975,2015-07-30 15:26:15
46147,firstTrans,1438918233,2015-08-07 03:30:33
50111,firstContract,1438984075,2015-08-07 21:47:55
200000,iceage,1441661589,2015-09-07 21:33:09
543626,devcon1,1447577992,2015-11-15 08:59:52
1150000,homestead,1457981393,2016-03-14 18:49:53
1428756,daofund,1461980573,2016-04-30 01:42:53
1718497,daohack,1466134488,2016-06-17 03:34:48
1920000,daofork,1469020840,2016-07-20 13:20:40
2286910,devcon2,1474275599,2016-09-19 08:59:59
2463000,tangerine,1476796771,2016-10-18 13:19:31
2675000,spurious,1479831344,2016-11-22 16:15:44
2717576,stateclear,1480448309,2016-11-29 19:38:29
3265360,eea,1488272400,2017-02-28 09:00:00
3327417,ens2,1489165544,2017-03-10 17:05:44
4041179,parityhack1,1500417203,2017-07-18 22:33:23
4370000,byzantium,1508131331,2017-10-16 05:22:11
4469339,devcon3,1509526798,2017-11-01 08:59:58
4501969,parityhack2,1509981921,2017-11-06 15:25:21
4605167,kitties,1511415679,2017-11-23 05:41:19
4620855,makerdao,1511634257,2017-11-25 18:24:17
6610517,devcon4,1540890000,2018-10-30 09:00:00
6627917,uniswap,1541137042,2018-11-02 05:37:22
7280000,constantinople,1551383524,2019-02-28 19:52:04
8700401,devcon5,1570525179,2019-10-08 08:59:39
8928158,mcdai,1573672677,2019-11-13 19:17:57
9069000,istanbul,1575764709,2019-12-08 00:25:09
9200000,muirglacier,1577953849,2020-01-02 08:30:49
12244000,berlin,1618481223,2021-04-15 10:07:03
12965000,london,1628166822,2021-08-05 12:33:42
13773000,arrowglacier,1639079723,2021-12-09 19:55:23
