"fromName","ethSpent","usdSpent"
"0x00555dc77a343e205cb1c7755407c93470db3f91 (anon)",0.00334512,13.19
"0x00d2432e6af76a8150a7609d7ff11dbe44de8e14 (anon)",0.00082145007693536,1.69
"0x016cb73dcd88e9cca61690e6dc5893f7409e3e18 (anon)",0.00113384,2.93
"0x018365374732403a5286de3ddc875f2fdaf00dfc (anon)",0.00311713086601002,6.13
"0x01cf9fd2efa5fdf178bd635c3e2adf25b2052712 (anon)",0.130223324698465,514.41
"0x02eb89d2ff910989024e19673f8302a695bbd979 (anon)",0.0085083615,35.5
"0x03154b9e76b3e6eb27357ccfd638f9ac9085e8b3 (anon)",0.00109021509611684,2.21
"0x0325db65a18c98f1227ea14bcf05a4039ab36b29 (anon)",0.00578661262032962,17.83
"0x03652b73bee719a69544d3e8b4c0f856658dbbaa (anon)",0.00552044428962689,17.06
"0x0369098915a6bcd0c4181ca96b5179ca15b69779 (anon)",0.00857362868960323,35.29
"0x052cd92257aa17b3f965c4b0d3f51f0d223c6950 (anon)",0.000921245,1.9
"0x054b81d3f3a26df142bf3f60961483e14f3f5d59 (anon)",0.00545641554794997,16.86
"0x0585b28fd862d3bf033be20b178bdf01262b8424 (anon)",0.002763735,8.38
"0x0586cc847c82397c443992facdc8cae0dba46956 (anon)",0.00119497529523919,2.42
"0x05a1ff0a32bc24265bcb39499d0c5d9a6cb2011c (willyogo)",0.00182414733706087,5.76
"0x05abc2cdbee2cd9be07433778f655da062d4c9ac (anon)",0.0044796460487541,13.85
"0x068db2a4655158bc61e6147c0015bd2c63b4cf08 (anon)",0.001149443806869,2.33
"0x06c4865ab16c9c760622f19a313a2e637e2e66a2 (anon)",0.0172487012172993,45.32
"0x06c7b32ab075bd756f7887b7c16c739621e90895 (anon)",0.00564822976490647,17.46
"0x06d13d1562eb9da28c59e86e9bfc2a87d13afb01 (anon)",0.00213196635878367,5.5
"0x06f398ce76acc1fce97b7cab0eb2a96ba9230c9b (anon)",0.00298015054120175,5.87
"0x072c59b2284d6766a9b486cc69ccdc12a801dc59 (anon)",0.00494493594066626,15.23
"0x0765e6ced80f1ce50759cbe8aaf878d2417c9d73 (anon)",0.00113384,2.93
"0x088355a6cf3f2ea0ccf1832b3c3e377d96a5c9ca (anon)",0.00113384,2.93
"0x0897ad2a24f9f54e31af325744ff2e1f7d64bb44 (anon)",0.00438712346263238,13.51
"0x08db79911bb3215ca7406e2b4df23348ea33915a (anon)",0.00113384,2.93
"0x0a251df99a88a20a93876205fb7f5faf2e85a481 (anon)",0.00458740535375398,20.37
"0x0b722a091442551d5571d14083846e7c3873ded9 (anon)",0.00522526938055124,16.1
"0x0b8e5fd8815d5995a42cc6f5b652d183f4057f01 (anon)",0.00588436918352637,18.21
"0x0cf30daf2fb962ed1d5d19c97f5f6651f3b691c1 (anon)",0.0197143090993549,47.79
"0x0d3da428dd261410aab95ef751ebb0b0f6f04c0d (anon)",0.00465371339210951,14.34
"0x0dee63f471f1c31d4d2fffde275f8a8f40f45d00 (anon)",0.00084727120503183,1.75
"0x0f0d49fd19ee4a83455d414f79de823bed0b4351 (anon)",0.00694143581066668,30.66
"0x0f0e7fb7a2ba4df8169e77cada55eb330d36f310 (anon)",0.00113384,2.93
"0x0f8361ef329b43fa48ac66a7cd8f619c517274f1 (anon)",0.0107827461205354,34.05
"0x0f87452a7eac3bcfe90fe4187d2f922d1d6699ae (anon)",0.00429512682187161,13.23
"0x10d6d2e343281d388291a3e02f3293aaeda67178 (Grant 1707 Llama - a Hub for Crypto Community Treasuries)",0.184290389380424,632.9
"0x115b463d167cf26acdb68a7d062d2c1188f44ff6 (anon)",0.00564430188944977,17.39
"0x128b7e7f0bfa7cda46bb4728a0da88dbaa095026 (anon)",0.00761807066227431,31.32
"0x13022056cfacee5b94a8226293fa4530447d5d64 (anon)",0.00673378865706476,20.74
"0x136d54e730ad568cf49f8d7b8d36e1b079f37e1e (anon)",0.00323687487618617,6.41
"0x13ac0d7bb293163922ca296a0c3fb1b236c815f0 (anon)",0.00093832475701068,1.9
"0x13dda63c28bb95fe9822fea43ad5feaa966636a9 (anon)",0.00236591701822383,4.65
"0x144ac9e3c06205220a7d40e88cc81912a34cc86d (anon)",0.00688791568890971,21.22
"0x14cc6134860c0877ed46f6096dbf81363f724041 (anon)",0.00113384,2.93
"0x1510180e8873b8ff89d3ecf3d6971a84faaf5848 (anon)",0.00084089335503183,1.73
"0x159b145e3b4a6e44c30ee2b310db3ad0716cfb8d (anon)",0.00432762455596573,13.38
"0x16151dacfa22e483412af76e6f9484c0161c9549 (anon)",0.00438420926458411,13.51
"0x16195ab399c18d608000011dc1b639b409a30b21 (anon)",0.00580816633203829,17.95
"0x1644621b1337676a1d2b0878c8d87148d960570b (anon)",0.00629359290501697,19.47
"0x1706585ae92ec81174818913ab1918c7fce3ddd0 (anon)",0.00113384,2.93
"0x17ea86b6baa237c01cc0af7595c931d6d5442cf9 (anon)",0.00440901244246698,13.58
"0x18016955798ff78bd167111674ae278d5320d62d (anon)",0.000921245,1.9
"0x1821d347c035ee39aa01bb048fb1e24e45dac5f1 (anon)",0.00113384,2.93
"0x18c94a19e091ab86c997edf2267a616072ceccfe (anon)",0.00113384,2.93
"0x196a37946c3d93e9a5309f539ae28b774a32411f (anon)",0.00165774395083491,2.42
"0x19b570af5dddb8f0f5a15c83d07a1c5153865188 (anon)",0.0138756394306422,44.37
"0x19e10e0bec9f9559444f33c1c8e39c5664eee47b (anon)",0.0181842627552399,58.57
"0x1b0a44958b9d970947a5c8fbbc6ddbe53325df76 (anon)",0.00535025632930474,16.55
"0x1b9f2c45d8d62e00d12c34ce1f9ba0232fa12b20 (anon)",0.00728450609933852,22.54
"0x1c750cbacea0d97dfa830014b927cc3d64b41b5c (anon)",0.00562819150030156,17.34
"0x1cd2ae4b77e27da7bbe8090fbf51c6c362a882e9 (anon)",0.00113384,2.93
"0x1da76d5b2dae08818047e20f10767a49685a4432 (anon)",0.00486888066837527,15.05
"0x1df4c04d9c4247bedf051e73730c46a03c3d3050 (anon)",0.00653157716592968,27.28
"0x1e5af7b64cecd78f0141450e942f19b1935c495e (anon)",0.00089414393123379,1.85
"0x1e661aae5ebf2d428c2bc7142a50382077637ce4 (anon)",0.00113384,2.93
"0x1ed2c3edaf1d4ce024cd6ec27b922d52294c49cb (anon)",0.00526728226994947,16.28
"0x1f9fbd2f6a8754cd56d4f56ed35338a63c5bfd1f (hjorthjort)",0.00533787228419876,16.95
"0x1fd8d513b0a485365066ac95bfd25ff37ddf84c2 (anon)",0.005842251550485,18.08
"0x1ff714337aaf68c7e9a513e47dcf6ce7c9d44cae (anon)",0.00084089335503183,1.73
"0x202d0b551f0e137efb419e70e1776b6d578bdbf3 (anon)",0.0024682339377044,6.77
"0x20316e8a4818326a504bbbf96d476d6c94b1c4b2 (anon)",0.00614509862604602,17.07
"0x224e69025a2f705c8f31efb6694398f8fd09ac5c (anon)",0.0334964749584543,107.13
"0x22703a7fe0bba25a8a9d017135219228ffbf0e41 (anon)",0.00113384,2.93
"0x22aaf8a798b34a0b24527f838acf9f65e0d720dc (anon)",0.00619714562556051,19.15
"0x22bfd731b25d54ab7f978eacb54f1a5fe80903eb (anon)",0.00161424004497081,5.18
"0x23b6d8e09cb33b1550de19ac25cc3f41ae4603bb (anon)",0.00468936438513259,21.34
"0x23c4111d6f85de542dd8ad911c7c3cc66e98faa7 (anon)",0.00840935584956456,20.28
"0x241c7a73b6d886a995bf704f408f998b5fcaeda8 (anon)",0.00570890948188723,17.65
"0x243ee1364d3023075dd3bacd9ef31d7f57f8a788 (anon)",0.00500144005629176,15.46
"0x244201f97d6f67d77ff7389dc14c8155a8fd7921 (anon)",0.0050632710608733,15.65
"0x24623d7779d29c76ae0d4d258ebedbc16170414e (anon)",0.00113384,2.93
"0x24dc4ed3dc259de95925a13081c0ecf37ffbd683 (anon)",0.00472638267815022,14.61
"0x24e84cf44ffba84185900d83566a37611a670e0c (anon)",0.00438420926458411,13.51
"0x2684091777c5b34415de038afbbe5d995bcc4fd4 (anon)",0.00637706483592566,19.64
"0x271c140f932d0f5d120335232a66e599c4a7ae28 (anon)",0.00084089335503183,1.73
"0x27331de0261a9513bfef4f8f3e3005c60cf80702 (anon)",0.00550971908903906,18.07
"0x28c2779d125be97125e18b0c3a412b7bea9a3d48 (anon)",0.003899601,12.1
"0x2914ae7e3d398431658f2ea7d892b1b935778d41 (anon)",0.00084089335503183,1.73
"0x29b183fe5d4210f0ddf4301fd8c404e772d6ba12 (anon)",0.00618037980921623,19.12
"0x2a40aaf3e076187b67ccce82e20da5ce27caa2a7 (anon)",0.00536237589623496,21.67
"0x2ac6d067926e4e6070cb0ec211f553e5ab1c9612 (anon)",0.00532127028392384,16.39
"0x2b888954421b424c5d3d9ce9bb67c9bd47537d12 (Lefteris)",0.153294161971532,567.77
"0x2c0f9eb60ee7fdb702d47d2cc9f7c6ae88b20999 (anon)",0.00703799449735627,21.77
"0x2caaab9cf5381309f768b38849ff2bf180ac81e0 (anon)",0.00243403112335932,6.37
"0x2d19f32620f647d08fa8b9a0fa5206fae15c0ed5 (anon)",0.00352623025784917,13.81
"0x2d51319d75569d386ff38706fd279d405b59888c (anon)",0.00084089335503183,1.73
"0x2faad2f292522ae6c85abf4f5048f3e32e6570ef (anon)",0.00555032402004238,17.1
"0x300d76a6764a3d58f3ad330aa2277e2d31d54708 (anon)",0.00494493594066626,15.23
"0x307c997be2ee5f5d11bc92cd9915f93111146af0 (anon)",0.00554424053333128,17.14
"0x308d97b4a3e893baaf56bb28fc6cbc7f764184dd (anon)",0.00575642364228237,17.79
"0x30bc11f50ebad6727ba95b719b235d14a757a747 (anon)",0.00113384,2.93
"0x31482858561725b74b5ec2a739e447bc74cdf7b9 (anon)",0.00911452580543315,37.52
"0x32e9c9397e6257bce4d9e47cf7e697059f22661c (anon)",0.00514410227828026,15.89
"0x33678ca7d8dd7ef76202459f91fe6bd852280063 (anon)",0.00429533724280427,13.27
"0x34aa3f359a9d614239015126635ce7732c18fdf3 (austintgriffith)",0.658995596743612,2237.15
"0x351a7ff8d9d4b5c237cc806bf173a9e0e450f2c6 (anon)",0.006224942310269,19.24
"0x35bf253f60217abf339e9a01e74bd3eefd683ee5 (anon)",0.00113384,2.93
"0x36d48ebd2dac635f30b3ca76f970346e27519766 (anon)",0.00466537178705631,14.37
"0x3747d4e3ef8daa960f1fe6e59fe463dbd9b0bdae (anon)",0.00438712346263238,13.51
"0x37e324299c5c0011c36713e85029a3cd7810fe30 (anon)",0.00540870413092976,16.66
"0x38430336153468dcf36af5cea7d6bc472425633a (anon)",0.00305867562241943,8.04
"0x39ac673d8661f671fa0a67660ad02c782fc3105d (anon)",0.00552044428962689,17.06
"0x3a051cff039d0ea6964c0f9f01db6e61cc521748 (pggallagher)",0.00145700248354165,2.98
"0x3ad33925fe4092099c9cc6e923ba97ab3ae681ae (anon)",0.00113384,2.93
"0x3b8a113464b5cc65af4bd0f043aab6edf999c84c (anon)",0.00113384,2.93
"0x3c672e679e47b5cc69c93eb3df5b5bf733cf8d4c (anon)",0.00563659437040012,17.36
"0x3c9b541d0317276a05b9512266b8eae233c8e7f0 (anon)",0.00563534006082137,17.42
"0x3cabc8cf68fde5b84bb21b5db1a7c1b43a3a5922 (anon)",0.00599466806894833,18.53
"0x3cbecafdb1ba14e85cc401a1d99f6b87dd40ebd7 (anon)",0.00472816696133998,14.61
"0x3ccd44bb20bc9c06fa8cce8f6aa207ae86d7dd5b (anon)",0.00152973615667263,2.23
"0x3cd93a082b247311595fd2b9ba70c549f03603dc (anon)",0.00084727120503183,1.75
"0x3ce1e7a2b491dd5e545bca1a480ed1084712798f (anon)",0.00470212499820304,9.57
"0x3cebae03e29ef29b515eac65c696c2f344932704 (anon)",0.00564822976490647,17.46
"0x3d0cc91049c386cb60f81d181d9b6890a2586f8f (anon)",0.00527993402580525,16.32
"0x3d21a58408c47dd4631da17d1c492d06acfef085 (anon)",0.00409367687084219,8.3
"0x3dcb29343695c2472b2e34299d348894bc230290 (anon)",0.00596287651053187,18.44
"0x3e31155a1c17c9f85e74828447aec412090a4622 (anon)",0.0142922667848388,60.82
"0x3f40ea90d8a23cc95b98a01b3295fb9059fa6c8c (anon)",0.00472638267815022,14.61
"0x3f60008dfd0efc03f476d9b489d6c5b13b3ebf2c (Grant 1773 - Swivel Finance)",0.0176853957333241,73.17
"0x3f9860ec9361b1d3a9587e9950632aa976b2beb4 (anon)",0.0050632710608733,15.65
"0x3fbb9f73c664638e3197f9cfd44a17468962cff4 (anon)",0.0065086878026772,20.05
"0x4110d47a5d67ecbdd21e5f97c07db16189670290 (Gitcoin Governance Deployer)",0.2545831,617.58
"0x4131826eafdcb7dcd855fae9098ec693165f157d (anon)",0.00382273112810508,9.87
"0x4139fe019502af177eb3060460887be9aa2fa5e0 (anon)",0.00472888206699975,14.62
"0x413fd6b18910e516da68d3292ab9b2dd3a87971d (anon)",0.00092301718901453,1.87
"0x4169c8819a3105bcb766e5fdbf12c97aee09bdb6 (anon)",0.00497596126304988,15.38
"0x41d2a18e1ddacdabfddadb62e9aee67c63070b76 (Grant 0562 Learning Data Science on the Ethereum Blockchain with @omnianalytics)",0.0118062178982455,48.19
"0x427bd8e086a204e4085c4554cfc48b2ed44e602d (anon)",0.00401645249335056,12.37
"0x42f09c50cb4b7deea5d51f5539dab08f65aa299a (anon)",0.00551678321862751,17.05
"0x446c70bf2f50f432f549775ded255e7bf9fa27f6 (anon)",0.00619714562556051,19.15
"0x4527dfd6c9341f18f4b8304e6e6cd67e7766389c (anon)",0.00113384,2.93
"0x483034ddc7f555a48c939df1d0f3bdd7c9af043c (anon)",0.00429757391157162,13.28
"0x4851a5e65e1e41291ac4d0770e72c4668e7d144c (anon)",0.0077016368776482,23.81
"0x4854a08947b94b24a4f0f3d6c35788c38c74507c (anon)",0.00561885564946295,17.37
"0x48766d7cc59cc496fc71e0071fbee96664f30355 (anon)",0.00526728226994947,16.28
"0x4a1d9e3b1a543601a7550d9490cb41936265f715 (anon)",0.0009531693210885,1.93
"0x4a5b536a613e69f43a52f6aa7a7f3765428329ad (anon)",0.0179147893477567,70.11
"0x4a706cfc1a4440b785458a1e3ba45a10c344e5dd (anon)",0.00564430188944977,17.39
"0x4af997f78067dc2458cde261ffab863afa5cc357 (anon)",0.00436757180105377,13.45
"0x4b7389c67d8dbeead35979edc7c5fa27226eb9b8 (anon)",0.00486888066837527,15.05
"0x4b77909b88acd29d364fa4b3cc8ac9464aa9e32a (anon)",0.00618145439410004,19.1
"0x4b8931d892e6a993d0195c02385a42a66005e58f (anon)",0.00113384,2.93
"0x4b8ad27ed570255473d8e2cc3a93b189ef06dd06 (anon)",0.00113384,2.93
"0x4b93340bde2b254f21b1591ca8dab7b58945ad39 (anon)",0.00634326781693015,19.6
"0x4c0a466df0628fe8699051b3ac6506653191cc21 (tvanepps trent_vanepps)",0.0471773378254754,155.4
"0x4c164c5301addb304193146bd350c98a6950f1ae (anon)",0.00559257501973818,17.28
"0x4c22a285896e500ab8a85fc372e56f2c990794c3 (anon)",0.00248200294284709,6.29
"0x4c7909d6f029b3a5798143c843f4f8e5341a3473 (anon)",0.0151036291125965,62.92
"0x4cfd8997fa4534c69b3e5f4d7af4cbdf30abd142 (anon)",0.00084089335503183,1.73
"0x4d477f1aabcfc2fc3fc9b802e861c013e0123ad9 (anon)",0.00715613395548851,13.11
"0x4d70990f98551b89a3c72734bfea31dd914da2bd (anon)",0.00505526512959211,15.63
"0x4e19646b2744021690f7da584117b083dc73a412 (anon)",0.00643777163303775,29.87
"0x4e3c1d2e5300d0341135bfcc03d8075693585ce2 (anon)",0.00113384,2.93
"0x4ec6bea134099b42f1cc9542aa26c98c0dfee264 (anon)",0.00469181497322506,11.9
"0x4fa4167b3c94a80416bbc768fb919bf3ace9f8c2 (anon)",0.00264245338048557,6.67
"0x500d1ad4a32708004d9ceb3e3c56e20d8d9260ed (anon)",0.00552618307352942,17.08
"0x50391a21cd153598bf1460d7d1efc0947e5f8e96 (anon)",0.00801501893927143,24.69
"0x50c0dbacf5d99cdd70e57dfd26d43fff89f9b4f2 (anon)",0.00756428381149987,23.38
"0x50d3f0b10fec6ea094c0e2714ac293e5261b22a9 (anon)",0.00113384,2.93
"0x51807b8d96e96f5c26adab145b9292f38eb8ec8e (anon)",0.00958311384805797,44.09
"0x521aacb43d89e1b8ffd64d9ef76b0a1074dedaf8 (Grant 1650 Hiblock区块链社区 - Hiblock Community)",0.041038128607982,132.58
"0x522b72f0963a33168a55c4ff3c699376c2c1041f (anon)",0.00447845633720314,14.85
"0x523d007855b3543797e0d3d462cb44b601274819 (anon)",0.00289574247768936,7.94
"0x5291f0a0a7c5b27cb4e35baadad4f0776aabb7d9 (anon)",0.00113384,2.93
"0x52cbcf67e76b9537a92955c50c0becac0addc006 (anon)",0.0021057022362022,5.35
"0x54b254684380af671fbfdfbc086591b22c462790 (anon)",0.00444347787970686,11.36
"0x54becc7560a7be76d72ed76a1f5fee6c5a2a7ab6 (Grant 0747 Simona Pop's Ecosystem Development Activity)",0.353998470914414,1152.78
"0x54c375c481f95ba43e2cecd6ef30631f55518f57 (anon)",0.00680038134631487,27.05
"0x5681ff2150b6e39e00d972598fdb8a19d761f506 (anon)",0.00156869977974878,4.28
"0x57037b585567535ff910fad7f3f1e687958cbc5a (anon)",0.00449077421086573,13.88
"0x5712171abca3743563a4594430b4cfe123711d9e (anon)",0.00456893790151004,14.07
"0x575b498f184aa6785efd25fe68f3702e2157e8c6 (anon)",0.00601649636935111,18.6
"0x5869cecfc285e2cbd115f69df3495927dc763794 (anon)",0.00552618307352942,17.08
"0x59c9d046d43b28816393825a3688d93b82bdd625 (anon)",0.00113384,2.93
"0x59d6779eca6c91ed7679e261b54299b5155eadf0 (anon)",0.0371617966110988,152.78
"0x5a1d1fac4b19162408a795bf385a95cd4692c2c9 (anon)",0.00419782502241098,18.57
"0x5a27d268e830655e908a0a2c3b24f572695af5e8 (anon)",0.00619311140760454,21.57
"0x5a5426030765baaed938c4c9ee865af2fbeaaba4 (anon)",0.00113384,2.93
"0x5b716577ee35a146846f1fa33f6c3d0138ebc468 (anon)",0.00113384,2.93
"0x5ba02f4ff6af1d9d2af8774d10fd32eb57d4e2e6 (anon)",0.00947554165522494,29.73
"0x5be10f3434bc1ac6c0a34f86da39ea0095392f21 (anon)",0.00199727139994453,5.97
"0x5bfe77c263ffeb120dcd40523473852b3bc5a932 (anon)",0.000921245,1.9
"0x5c07271a50c18c0a93e5d72dc45e561e3bd3e07e (anon)",0.000921245,1.9
"0x5e349eca2dc61abcd9dd99ce94d04136151a09ee (ljxie)",0.182426848896887,676.93
"0x5e4ec235c2e7be6e0501f7d4ec3b02edb4f84405 (anon)",0.00084727120503183,1.75
"0x5e625fe8b18a18823795308015e6734e9f125720 (anon)",0.00505526512959211,15.63
"0x600f4649fd944e8b89677546b3f5b23875ccba71 (anon)",0.00084089335503183,1.73
"0x60940e44372ab21e66e30494c9f09b4e154b5143 (anon)",0.00409534727226328,12.62
"0x6432c098bfeda15dd4d0692c46bdb43091a95171 (anon)",0.0056692,24.36
"0x66300889afb808626498c28e3811bb9b06a014ad (anon)",0.0127705920337067,35.46
"0x66aa8bee5366b6b48811ae0dac9fe5e1eefe1621 (Grant 0049 Blockchain Education Network (ben))",0.00779458785353726,32.34
"0x66b1de0f14a0ce971f7f248415063d44caf19398 (Grant 0666 the Fit Bot)",0.0154638094331451,51.5
"0x66c9bbef586c3a328df34aaa3f2e882634f308a1 (anon)",0.00084089335503183,1.73
"0x66ccc53383dd8f6b8d4d145d057696cefe5dcf42 (anon)",0.00113384,2.93
"0x66eae57797dbd63921e1ddb4dee25e9f4b22bc35 (anon)",0.00561885564946295,17.37
"0x67149c6a2aa490636948b084d88dde8a958ca269 (anon)",0.004818012048167,12.46
"0x67434e4f16fb70e59c91b8642522fac5b0c292c1 (anon)",0.00101688003292381,2.01
"0x6806f5a7d35f6b31f8cee5799fa7f70571b0d2b6 (anon)",0.00524681285984996,16.16
"0x687c13498f693b290c5ff8c565a1775d6018aab9 (anon)",0.0018506096916719,3.38
"0x69423a88dbeab0177e935a5c63a79f5e576f5c06 (anon)",0.000921245,1.9
"0x696ceb745c4e909e872c9a5824a708154e44307a (anon)",0.00569356726111868,17.62
"0x6a7507970726809f79950d2cee4404b53acbd07b (anon)",0.00441145079210308,13.63
"0x6b07d4ace5bc9a690fda9ddeb5a0f131fda0b257 (anon)",0.00384457976931398,7.69
"0x6bf1eba9740441d0a8822eda4e116a74f850d81b (Grant 2929 - Decentralize Gitcoin Grants)",0.218445854381075,796.3
"0x6bf3b32c6cd3d657f602347666244377793282e3 (anon)",0.00099770292537849,2.02
"0x6c51a5ef1b6736b63c965b3057ae5c5b50de76d3 (anon)",0.00547212320693982,17.86
"0x6cf42e7e57b83aec88621173cdbe20d2261845d0 (anon)",0.00658357483915227,20.28
"0x6d009586634bc3260c658126cf95c1cc732fddc2 (anon)",0.00220715048443393,5.69
"0x6d44f7fadaa7464fcb6c232693e4d889888066c9 (anon)",0.00410068231586747,12.63
"0x6e03f76fb77c3b27a1742bbab1ffa6ab4907ed5b (anon)",0.00429512682187161,13.23
"0x6e8dd1c86151f7e98bd2d059206581f0d5017ce6 (anon)",0.00113384,2.93
"0x6ea58a23d84b3839ea61d81c45d60acf2017999c (anon)",0.00113384,2.93
"0x6f1fd6ba42f11799913e6a91b6458ea9cd6887ca (anon)",0.00429533724280427,13.27
"0x6f2bbbdf4e93aa39d36933d28ac2b1253a17aa85 (anon)",0.0021196066380109,6.66
"0x7003d62e923e647658d274bf967b47696a69e574 (anon)",0.00419423216613147,12.96
"0x721c7fffe9ac426a028e616677811f755fa99eba (anon)",0.00234208236685856,7.57
"0x729d418146e2abbe73e7fc480f358bce454cd2c7 (anon)",0.00596287651053187,18.44
"0x72c8353cdd7dc1f3d240a699042e8e63a4e0eb9d (anon)",0.00570890948188723,17.65
"0x7302c7e150ae4d035cf9e71f09580d59ce61fa54 (anon)",0.00113384,3.11
"0x73186b2a81952c2340c4eb2e74e89869e1183df0 (amy-jung)",0.0190805315554931,73.13
"0x732c97e0f9b6386961e797c4914517a96ecfaec7 (anon)",0.00113384,2.93
"0x736a794e2cd1b042e41b416e5e2083584bea2712 (anon)",0.00419311883942302,12.96
"0x73ff47c09efa4a2cb385c730a4adff967321b93d (anon)",0.00741974813845114,22.86
"0x744208576858aa6bfcd705beb4f8d0b45bbb8d4d (anon)",0.00444220595882354,13.73
"0x74959bf4bac22664f7d0fd03596e7d3da397c009 (anon)",0.00578661262032962,17.83
"0x74999ec4c27daaedaa9a953ed371f640c911ec38 (anon)",0.00685353499358242,21.18
"0x755740595c3c8539ec99019f93ee3e964db63739 (anon)",0.00214518416490651,6.89
"0x7561d093b584d5b3f9e8969f6a70acbfef58d249 (anon)",0.0066016939667401,20.42
"0x767a60f295aedd958932088f9cd6a4951d8739b6 (anon)",0.00314476652054985,8.38
"0x77bd9e328b427889fa23bd3b13ea8824c1f24bb2 (anon)",0.00675839567254902,20.9
"0x78b3367b0f547cd16bac453f788956afce92447b (anon)",0.00590157281356861,15.59
"0x792db1912ffb4feed8559189a6cdd10d853e1b13 (anon)",0.0020113769063469,6.44
"0x79d8e884ac95196d0ed622dcb2bf12bb0b70a8c3 (anon)",0.0024062832885882,7.73
"0x7ab89e577bce4c35ecd7546f758f1c41f9777ccf (anon)",0.00465371339210951,14.34
"0x7ad649a20f03d7572407a9f58c92f5f72320142d (anon)",0.00113384,2.93
"0x7aff62aeef41384409717537a7eefaab7318ce6f (anon)",0.00637706483592566,19.64
"0x7e052ef7b4bb7e5a45f331128afadb1e589deaf1 (anon)",0.116297553430887,325.92
"0x7e3f41e32b85799c75327f883362af32a2d3e7e4 (anon)",0.00440901244246698,13.58
"0x7e49a9563601eaaad6794658355516e4ce7539f3 (anon)",0.00411204445465036,12.71
"0x8073c62366973b9960f4561f6a72c5826b75e828 (anon)",0.00849547451249722,32.84
"0x8091b4a9226080e8f17fd9444710b1799fbac3ed (anon)",0.00203647038603293,6.55
"0x809c9f8dd8ca93a41c3adca4972fa234c28f7714 (anon)",0.00723476347775044,25.45
"0x809fa673fe2ab515faa168259cb14e2bedebf68e (anon)",0.0156646694054211,50
"0x80d63799b1e08a80f73fb7a83264b5c31600bf3a (GitCoin Grant Sender)",0.537100114044,1826.69
"0x815c7ccf2616ad581e4d55d1504a676f55c04e02 (anon)",0.00113384,2.93
"0x834742dde5dfd852ee151914c89505f68af161be (anon)",0.00894389905391439,29.84
"0x839395e20bbb182fa440d08f850e6c7a8f6f0780 (Griff Green)",0.123650181051078,430.32
"0x83c9440dc34da00c47a0d4dc2b598d7bdb1b53f7 (anon)",0.00295087786680891,7.51
"0x83d2e472495f408bd0bc85702f4be5ef1acaee80 (anon)",0.00134557501510185,2.66
"0x83ff22cfc4876cdffb69f7440651720ce256d615 (anon)",0.00113384,2.93
"0x86505baa2ffac3444fbb9a53c6c75833d088c6c6 (anon)",0.00082145007693536,1.69
"0x86a233b93556c7e475304c4429d89b9f6958ec6d (anon)",0.00186039362336698,5.98
"0x874437b5a42aa6e6419ec2447c9e36c278c46532 (anon)",0.00397766365533365,12.51
"0x883753beab357a2c29f3766c6ad158e72a78ce51 (anon)",0.004218852,13.27
"0x885ac62415e534665e80ca205290a3798da91159 (anon)",0.00443064332594805,13.69
"0x891d6d5af0f2abeca7939600a8537dfee68c8da7 (anon)",0.0020413460280345,6.1
"0x894aa5f1e45454677a8560dde3b45cb5c427ef92 (anon)",0.0101450308894656,19.97
"0x8aef1645d9c40e5e0b770077e3a595175f28a4e7 (anon)",0.00664073045647804,20.54
"0x8c69f8d2f360d0bd12cb73b92e90a380e32987bb (anon)",0.00862854886626755,28.96
"0x8cc2c2b764d5a0e76e45af8bd037bd989a16b2c9 (anon)",0.00563952349034972,17.37
"0x8d07d225a769b7af3a923481e1fdf49180e6a265 (anon)",0.118732174045854,420.81
"0x8e52ded086f3673a9a87bb039fdb05dbd7c97bfb (anon)",0.0019118381213028,4.95
"0x8efac00816e675e5b4b418c7c718cd463cbb6a59 (anon)",0.00603703974514869,18.66
"0x8f180fd387cfe63b77bfb09c07995464cf3e7d7f (anon)",0.00394028498294662,12.18
"0x8f4e36370602465acd4afc07204fa311bfbc1198 (anon)",0.00113384,2.93
"0x8fbb54606676ba5f8edc6c4c88ef29b86d58774c (anon)",0.00229093615312252,3.34
"0x905c1a4eb2a84cb864c6909499ba202a03f0aa17 (anon)",0.00467729256122465,14.41
"0x912e817d785ea149b705a5905855411c2cb977ba (anon)",0.00113384,2.93
"0x91a472abe81fb977f36e5253b41b8fd33a2dde28 (anon)",0.00532127028392384,16.39
"0x920eb9085e77ac5ad037bed5e90928ff1e33e885 (anon)",0.00509653115964532,15.75
"0x931e76877118c84f1d904295971ce383ecfed5f4 (anon)",0.0009056634683536,1.8
"0x938e3b0e9e70607c50c2629fa434b9a4e5f28421 (anon)",0.00459898995016499,14.17
"0x9471f3334397514f838675eca6a994d90254e6c1 (anon)",0.00394028498294662,12.18
"0x968277451c46cacd65e7df55f110cade19ff6002 (anon)",0.00113384,2.93
"0x96a7bfd2739c2b5c05c094e6b50ba65e770ab138 (anon)",0.00618037980921623,19.12
"0x96c4803694906bfcbe5c01d8fe5d2ff156f1e7e0 (anon)",0.00113384,2.93
"0x97cdedca258d6e425c200b3ac36b5a33b1699339 (anon)",0.00113384,2.93
"0x987740d5071fba8c8678353020547844a756a99d (anon)",0.00113384,2.93
"0x98fc6112749f7663cc537ca3330af68109891c09 (anon)",0.00508219218956342,15.71
"0x99fe1a841d59379acd34da92ad01cf4244e73475 (anon)",0.00352748342266686,11.27
"0x9a3aa8a638f8e67ff73ce671ac49bc3d2eb69538 (anon)",0.0042658456646548,8.44
"0x9c8c14c08d6cea7fed381f585d68063d51b66bfb (anon)",0.00554424053333128,17.14
"0x9c9fcaf3456fc2b5c10cc82d6128800ad6a067d8 (anon)",0.00084727120503183,1.75
"0x9f8b8d36dabd8e4a6a9e667d1a5681d09e244eda (anon)",0.00162399394013715,2.39
"0x9fa7fd8d9170f0dda389922e6c956800d5149924 (anon)",0.00407377410995917,12.69
"0x9fe9c540b222689ce947197a275ffd3deed5d787 (anon)",0.00740207903054201,22.88
"0xa0254f19d987d8bdba12a278b2d207a317d050aa (anon)",0.00092210024658301,1.9
"0xa1d86fa5e35d7f9cb6f43ee8a5db3499a3fda421 (anon)",0.00675839567254902,20.9
"0xa1e4a14363b3ba2c1d49e1eebe5fa21e25e4ed1d (anon)",0.0120812842977203,21.57
"0xa2700beb3b465e67e24f1d9dfa4f3e20b51cfd61 (anon)",0.00629359290501697,19.47
"0xa29185d464d4a8fbd9ccf3c958cf8419578305ee (anon)",0.00540471332660258,17.26
"0xa2bf1b0a7e079767b4701b5a1d9d5700eb42d1d1 (anon)",0.00492138393091669,16.29
"0xa30ab83e693ad49f3f651085dad11d049c818923 (anon)",0.0430315862676398,158.91
"0xa319744f71038a8602a5bae5f72656bb77906e79 (anon)",0.00637936624015397,19.65
"0xa4ca1b15fe81f57cb2d3f686c7b13309906cd37b (Grant 0975 Insurenet Blockchain Insurance Platform)",0.00569586254331964,17.78
"0xa5a25adcfd24b980e480f875aa2086571047e14d (anon)",0.00202566566730073,6.48
"0xa632c031714532dbfaa83551032cb4c13f838ba6 (anon)",0.0135007947186524,43.38
"0xa64eee5982d0af699c00b1eabfb01747c89780b4 (anon)",0.00691438409541684,21.37
"0xa740ce8f73cfea4789b3a5d9024113f7818b2e0b (anon)",0.00949186546544646,29.34
"0xa9a3e9f8c50a97a872ecd7418e2efeed82946241 (anon)",0.00586792809378494,18.08
"0xaa01dec5307cf17f20881a3286dcaa062578cea7 (philh)",0.0395211307323079,136.55
"0xaa59f0c28f9220fe60365f342b9e505d651fbb0d (anon)",0.000779515,1.61
"0xab06e86d240a5f515ea6d16c3530c6596f8bb774 (anon)",0.00379456534573696,9.87
"0xab4d02267bb843c7f51ed34b698e18ba276dd9b5 (anon)",0.00756428381149987,23.38
"0xab7b49bacd43bd4cfa41433d477f690bb9e1fb26 (anon)",0.00298721121638834,5.91
"0xac8e9cbcd6120f2a09eaa3a73d7e140995337346 (anon)",0.00562819150030156,17.34
"0xac8efff8b4ecef9f6704c38425d96a7048d938ed (anon)",0.00527993402580525,16.32
"0xaca7a415f073fed0808749e048f85016c39188fd (anon)",0.00673378865706476,20.74
"0xad15775933be166b389a9a660e8410d06084fbbb (anon)",0.00569356726111868,17.62
"0xad5e2c17f86d4a92f274ebca50721a7a9683febe (anon)",0.00113384,2.93
"0xade674fdedf7902836f9e86394d8bc6313ca214a (anon)",0.00113384,2.93
"0xb13acd5784a535ff854297f0445769efc200cb9f (anon)",0.00664073045647804,20.54
"0xb15054c02dbc343f47b868e1ffc15adf3e2f7269 (anon)",0.00113384,2.93
"0xb17dd0c1258f2852ae134e40c92bb0841435e02c (anon)",0.0123282519243245,39.57
"0xb2ed6de66f527a88fee596a5f7ddcc30c5031571 (anon)",0.00491739929032731,15.2
"0xb302560a220d1adcc69c5f8d19279f572555b01b (anon)",0.00438621503186687,13.56
"0xb35a83bda02c2cb5af44a8afc79431f9c11e505c (anon)",0.00563952349034972,17.37
"0xb427fdbadfc56c4d127d19d532c705e0d5284618 (anon)",0.00703799449735627,21.77
"0xb454dc9f3dad18d7118a5946b056b7103c8779ab (anon)",0.00084727120503183,1.75
"0xb4a2b428f5f46772abc83b553e4ed7bc6e096378 (anon)",0.00452953154862875,14
"0xb4a3ac905164bf9e8dff4b6f04b1eab55814642a (anon)",0.00432762455596573,13.38
"0xb4ad5aabb5bf325f870dc347d79c255dceaa1e88 (anon)",0.00622578467784691,26.57
"0xb4da408106a7545130e64c559ecb65fdce8c21ef (anon)",0.00452953154862875,14
"0xb4ed43c65854177ab3a70682a4d559ef005b4eb9 (anon)",0.00113384,2.93
"0xb55a7b37a99e9728eb4d195ba5645bdd3f66862f (anon)",0.00214991645704288,6.85
"0xb5679a4454bec8156c7293a24b975c8ad0bdc21f (anon)",0.00251014973847229,8.06
"0xb606fdf543b3397bd0e6559b693ae8d60da4a46a (anon)",0.00576531181744389,17.82
"0xb698419e8887a24f2db0e271833a051fc5caa814 (anon)",0.00147270013999148,4.02
"0xb860bf346ebfd675c8aa521e9b8e6ac352babac6 (anon)",0.00685353499358242,21.18
"0xb86c267d0b02a961caf3a6b530f3e1542612a6f2 (anon)",0.0158205930858832,64.43
"0xb883c400a2a709e3cf20245ce76c2327f28e3740 (anon)",0.0053909088123139,16.61
"0xb9366fe9429c75e0d45726abb2d52c5db6aa4e85 (anon)",0.00472888206699975,14.62
"0xbae00268df54cbd6e689de1ea3b2aafa52dd19a9 (anon)",0.00401645249335056,12.37
"0xbb3407b8a7bd31ab92e076628697f3033ebdf9a5 (anon)",0.000921245,1.9
"0xbb498ce39dfbe7038eb6fc4064998fe0b8e533db (anon)",0.00658357483915227,20.28
"0xbb67bce8d0e63082a5a349b35439f14c167e08f6 (anon)",0.00909397906234336,34.58
"0xbbae80a1d2ea6ae0dce2ced1cff1b903e8cfea63 (anon)",0.00551678321862751,17.05
"0xbc90c0f55514ee20d7a7478135e108ecc4956d11 (anon)",0.00113384,2.93
"0xbc9a6ebad551bc82b57d783cbefa8fc90cdbde3a (anon)",0.00599557684907829,18.55
"0xbd22f178cebac09fb4d4508c682fec1a18700dc7 (anon)",0.00419991199340119,12.98
"0xbd6ff041bf814619bf2c6c36ab9e35a7293a64bd (anon)",0.00658244048355946,28.09
"0xbe6e8588a539c015c32b947deebbae6ba7ea6419 (anon)",0.00436623979615199,13.5
"0xbfc4ee67d03dd3450e9e53137b8db0a347cd086a (anon)",0.00427758705576837,13.22
"0xc1563d51c3cdae5bbbff9bc8f1c37a1ea50950fc (anon)",0.00476401129335835,14.68
"0xc2e2b715d9e302947ec7e312fd2384b5a1296099 (anon)",0.161592231019515,326.01
"0xc33eed63fe5830378f127d0f08c2b0f6ac429494 (anon)",0.006224942310269,19.24
"0xc3ba6babbeecc28c34f04a5dfbaff4a18410e289 (anon)",0.00569058006276623,17.61
"0xc52d24a78207b8c380d9b0ac2e5ec699dad04241 (anon)",0.00524681285984996,16.16
"0xc54c577729bb114c7838fb839a74321c9d04efd1 (anon)",0.00476401129335835,14.68
"0xc5c23df5e5d70aa181e7a00733eea041b9623903 (anon)",0.00509653115964532,15.75
"0xc5cf8fdd07c1eeab8a193b5145aa403ec084b71a (anon)",0.00491739929032731,15.2
"0xc68f835106b588ad7946729d7ab2712c0cd2ffed (anon)",0.00576531181744389,17.82
"0xc75f1ad2eaef79b729c8dd8bcbaeddd893f5a761 (anon)",0.0021544864296018,6.59
"0xc7df6c8a2d851d20bc32238b26f886db7e1949da (anon)",0.00539398714638701,24.79
"0xc7e6bbf6dbe78b40640385e73dc1958f4428fb3e (anon)",0.0376158468353744,122.25
"0xc896e7c0ad9a8f9c787b5bbedceeba259c912d72 (anon)",0.00171497817910478,4.74
"0xc94cc876a826bc75355569e696cb2304f3434709 (anon)",0.00207577612268789,5.44
"0xc9a238405ef9d753d55ec1eb8f7a7b17b8d83e63 (anon)",0.00798854184540489,33.57
"0xca234530a0430c6212f8baa9b82ec6586d1363ce (anon)",0.00113384,2.93
"0xca3470f4477de9280ca4f8ecb5240cf464b40f71 (anon)",0.00601649636935111,18.6
"0xcb0c0ed0cfc972ce60b4f1ebd93481da4d218ea4 (anon)",0.00113384,2.93
"0xcb3cafe85a0719d2d994c06e3d7ac9304505c54c (anon)",0.00377939155929365,7.55
"0xcb9f176f3c90837a727e4678e29515cb2d557f18 (anon)",0.00753390167172249,30.31
"0xcc4c1346484722e25b19dbb6a5d8c2d959cd43b8 (anon)",0.00410068231586747,12.63
"0xcd6b9fb0d134017c39b86bcc18edaa02dcc6e4e2 (anon)",0.00083167976368014,1.71
"0xcd78829b418e18b85d4e0acdf2fbfec610ff025e (anon)",0.00090447899146983,1.86
"0xcdd05bae4c5ba7dc483d092903aaf3036e91efdf (anon)",0.00093832475701068,1.9
"0xcf61ebd3613684a53e48ee85d8fbc80c5156c479 (anon)",0.00109223161199066,2.81
"0xcfb17c5f697af3e068cd98febef5f0486393f11c (anon)",0.00588436918352637,18.21
"0xd03e3cfe79fcd021a1721f591e3ae1f358eeb20d (anon)",0.00419991199340119,12.98
"0xd046c54417cc29bef804e88d799560a8a4b6332b (anon)",0.00478792525906371,14.75
"0xd0815dbfa01bd6717703f329c031dc4958d04d4c (anon)",0.00113384,2.93
"0xd08f4ab23fc593d065d382a4f2f45b9f93097001 (anon)",0.00728450609933852,22.54
"0xd08fef876978527ccd11afda95b6a5ad2a8bee57 (anon)",0.00575642364228237,17.79
"0xd0ef3a2ae7fb496c0897400f1be46693b6183b0a (anon)",0.003540607061479,6.85
"0xd102ee10cc56d2ee949f1ab1bc25453a6feaed7d (anon)",0.0066016939667401,20.42
"0xd1c1d05bc374d6c842197a7d2668eb9e4f53c2db (anon)",0.00603703974514869,18.66
"0xd30b4753a4ff2cc47a2ada84a9a85058da16d2e8 (anon)",0.00318721963912089,10.22
"0xd311f7431e960075b31e4debaeefcb5159db85ca (anon)",0.00573418077163763,17.72
"0xd31d7bc74e65c262589a4753fb0735c89c245e9f (anon)",0.00113384,2.93
"0xd357a7e5c94f46dfbc3c05033b1ff97926a4e4dc (anon)",0.00590690825909963,18.26
"0xd43c50231c2d4273d968e649d2112e78cffaeb99 (anon)",0.00758884032355372,23.38
"0xd471a840ec81be3ce5e1325413581a1eaf5dcc11 (anon)",0.00402011704020732,12.42
"0xd4a7385d50fa958d66d0df590e3204211a6027e0 (anon)",0.00438621503186687,13.56
"0xd5102725cc00421854dd616a2d8769ce36017315 (anon)",0.00250561418536516,7.56
"0xd53b399bf34305d1cd665c2b092d787c8a5e45b7 (anon)",0.00590690825909963,18.26
"0xd67d2f08cbc0e3b4cd6db121b5e0c0e5425268a2 (anon)",0.00413928308464121,12.79
"0xd6f06053661e92313ae026054f2f4f8a708b0789 (anon)",0.00634326781693015,19.6
"0xd714dd60e22bbb1cbafd0e40de5cfa7bbdd3f3c8 (auryn-macmillan)",0.0318241263157958,115.4
"0xd7531b907f0429980828f8b65029ea1ba1d85515 (anon)",0.00949186546544646,29.34
"0xd8f36126a4d2376bc70268f197d50bdc184bd38f (anon)",0.00113384,2.93
"0xd99b6ab349c2c11aa96c6f2a1404cfd33384f5c0 (anon)",0.0065086878026772,20.05
"0xdbabf33f0d2464c9ac403acb67ef0e3340a0c031 (anon)",0.00456893790151004,14.07
"0xdc0046b52e2e38aee2271b6171ebb65ccd337518 (adamstallard)",0.00757306230308996,32.86
"0xdc52350858b60853d93390ab38dee3ce7e147fa7 (anon)",0.0017239823157228,5.53
"0xdcc3949e1741c7f4acff402db68f2c64c1ee8f02 (anon)",0.00522526938055124,16.1
"0xdd913332c4779fefa9e72bf8b0d2613d6ad19663 (anon)",0.00535025632930474,16.55
"0xde1678747ba2d5e61dac8f09c3a6a5315cc663f5 (anon)",0.00436623979615199,13.5
"0xdecfcbd0d3c3d0a317da1077fcfda000e1c6de28 (anon)",0.00113384,2.93
"0xe04a9418cffe0f43fd42527bd3cfc05593eac052 (anon)",0.00161240649146983,3.71
"0xe12776d24fcf00c2966dce5bdcec284236901c77 (anon)",0.000921245,1.82
"0xe1f581ae7aa4f593f30b0722806b2631b4255da8 (anon)",0.00419311883942302,12.96
"0xe37122b502dc52b8baa11c9c041939cead722031 (anon)",0.00540870413092976,16.66
"0xe3939654deae5f54fd3e6b84b3a7f75f245062d8 (anon)",0.0111077453533751,35.86
"0xe40987f8ca51d3f72947400a7459e66db2715bc1 (anon)",0.00382273112810508,9.87
"0xe46b1c63fb77ae9edb98e9eae87347fb61119aee (anon)",0.00691438409541684,21.37
"0xe49eee6cf7fa800fb8c2f7e576ed44b56759f5ca (anon)",0.00595322194348427,19.89
"0xe4b420f15d6d878dcd0df7120ac0fc1509ee9cab (anon)",0.00255733036629621,7.81
"0xe4deac4c2b075ee64814483d9038daaf83542f71 (anon)",0.00419423216613147,12.96
"0xe5860d2f4608db2620d4124a6904c1ee5d848549 (anon)",0.00113384,2.93
"0xe66e4b4f43b6c7e7df71c0e325ad6797f3e66b3f (anon)",0.00413928308464121,12.79
"0xe7481ee7af22f443303572cccf28a4a73a21bbe7 (anon)",0.00563190999236006,17.41
"0xe7cf8fce5e83e07e56e2ebfeb7651f459c47217b (anon)",0.00382273112810508,9.87
"0xe8cd4cb68dd4c79d118368f36d8564f3134c180d (anon)",0.00164491137001672,5.28
"0xe8d848debb3a3e12aa815b15900c8e020b863f31 (Grant 1026 - DappHero - the easyiest way to connect your website to blockchain.)",0.0102323366242716,38.98
"0xe91aee4906c8635bf15962a639436f40780233a0 (anon)",0.0126314219432852,57.05
"0xe95a51277b86b34c654ccb1dd61a5d39d40b45c5 (anon)",0.00504427547276866,15.54
"0xe96d806c830bb3f108eb51479a66edb31a3c1ab4 (anon)",0.00545641554794997,16.86
"0xeaa19171c4ff0bc2a6379aa1ea8fc2eec869688b (anon)",0.0155868729047506,66.33
"0xeac7824c2f633c53d2acfab0c8e483789b7e10e7 (anon)",0.00100149939437753,2.03
"0xeb0ad1099f5e12968d41c04f8a22e6dbb0f65702 (anon)",0.00563190999236006,17.41
"0xec07ce9c26bab652e14d81e6278da3a6ea5004d6 (anon)",0.000921245,1.9
"0xec0a73cc9b682695959611727da874afd8440c21 (anon)",0.00250465553164206,6.57
"0xeceb2fb4d8a93b0b19273b033abca7215062d31e (anon)",0.00432175715590809,13.42
"0xeda63e40351544fba32c910e0a90ab1e30e376d4 (anon)",0.00563659437040012,17.36
"0xee0579b4c36fd52ec0a2b542fb801f136838b7f1 (Grant 0635 Ethack Management Ethical Hacking Service)",0.0655379998143297,230.4
"0xee36a6023fb60606982673f208344793dea4574a (anon)",0.00409534727226328,12.62
"0xee836251ee934c3126ac5d9bb29ae9177a6a12e6 (anon)",0.00113384,2.93
"0xeeaa36420519d85efab3b7120ac5afa5a5825bfb (anon)",0.00947600803054564,29.44
"0xef39c8919373de11e888e9faf9fc5f71e4d015b8 (anon)",0.00504427547276866,15.54
"0xef3eb5dc534e6c1f690b2fdecc8c1594f133eecd (anon)",0.00599557684907829,18.55
"0xefcd62a2b7c73b57c1fc9365b089d1fdabb527d7 (anon)",0.00084089335503183,1.73
"0xf07a2439296e07bc4320af924e655a01fb69d89c (anon)",0.0150072011063457,71.77
"0xf503017d7baf7fbc0fff7492b751025c6a78179b (TrueBlocks 2020 Wallet 0xf503)",0.117294205276724,407.52
"0xf507555538fd0537922e70817780908ad132d3eb (anon)",0.00382273112810508,9.87
"0xf51075362e48552f241c6e5a87b3bc98e8701234 (anon)",0.00599466806894833,18.53
"0xf564a9cc0b3187d4c81899aea6508f65ed78c030 (anon)",0.00084089335503183,1.73
"0xf6124badcbccd0a6512ae9cc5ca6dba3a7cdefbb (anon)",0.00686140974418184,21.21
"0xf71841c483be037b6504e93680c7fe8e7c705165 (anon)",0.00113384,2.93
"0xf76eaebb56387b737a1f8f98e153d85b59eee46c (anon)",0.00822862520057658,35.62
"0xf7b1eb8292d7ffecd8ed04eb07890216491aa67d (anon)",0.00621341855924739,19.22
"0xf7e0ef9177e01d5871dfc59714510b44c9918622 (anon)",0.00090447899146983,1.86
"0xf94171580ce591172b2f6909eea6693b1c78835b (anon)",0.00256749592418443,8.23
"0xfa8118fec97722451e36e84be84c37dd960a1ef2 (anon)",0.00584908107849405,18.1
"0xfb37cd65f1fec10489a6725a44c03f3042aeff57 (anon)",0.00740207903054201,22.88
"0xfb6430c4fe0b170202402db422bc1d720fb49671 (anon)",0.00621341855924739,19.22
"0xfbafc1cad594d789db448fe079fd88417cdb3737 (anon)",0.00224307740642087,7.21
"0xfc5f1bd50db314902a2aefce822ca7da9058c954 (anon)",0.00113384,2.93
"0xfd18ef8cad226fe63ccc55e4246cd6c4e8161c7e (anon)",0.00758884032355372,23.38
"0xfdab3be33284ef68442f55535ffc0b1fcbad2b62 (anon)",0.00218928103578907,7.14
"0xfea0b67bd8874681dca1973211cde2b362b13aa7 (anon)",0.00586792809378494,18.08
"0xffd3f0393f7bb8daa930668a51b885d48476abec (anon)",0.00637936624015397,19.65
